{
	"dimension": 2,
	"classes": 2,
	"minimum_dcov": [ 3.1403310929, 0.5081427311 ],
	"model": [ 
		 { "class": 0, "lprior": -0.5047072535, "means": [ 250.5569888807, 371.2509956179 ], "dcov": [ 2376.3142423360, 3034.9576856383 ] },
		 { "class": 1, "lprior": -0.9255390547, "means": [ 6.6031178490, 425.6645546343 ], "dcov": [ 71.9492314743, 0.5081427311 ] }
	]
}