{
	"dimension": 2,
	"classes": 2,
	"minimum_dcov": [ 3.1919835313, 0.2438034165 ],
	"model": [ 
		 { "class": 0, "lprior": -0.5112866370, "means": [ 255.6326109940, 378.1233208654 ], "dcov": [ 1805.2406277017, 1145.8235880755 ] },
		 { "class": 1, "lprior": -0.9155996102, "means": [ 6.9580500251, 424.7357841366 ], "dcov": [ 81.1640033910, 25.6487176850 ] }
	]
}